EpThisIter,loss_pol_surr,ev_tdlam_before,loss_pol_entpen,EpLenMean,TimeElapsed,EpRewMean,loss_kl,loss_ent,loss_vf_loss,EpisodesSoFar,TimestepsSoFar
9,0.008059718,0.00015419721603393555,-0.00044324415,1383.3333333333333,699.2087504863739,0.6666666666666666,0.030130226,4.4324417,1.4881816,9,16384
15,-0.0011517071,1.2695789337158203e-05,-0.00044563942,1331.375,23927.873319625854,0.3333333333333333,0.023129487,4.456394,0.023975166,24,32768
