loss_vf_loss,loss_ent,EpThisIter,EpRewMean,EpisodesSoFar,loss_kl,TimestepsSoFar,TimeElapsed,loss_pol_entpen,ev_tdlam_before,loss_pol_surr,EpLenMean
3,4096,-0.08197491,0.33990145,0.30208522,0.104426816,336.4555540084839,0.09845614433288574,4.0987453,3,944.0,0.0,,,,,,,,,,,,
0.264373,4.1588106,3,0.0,3,0.30403933,6144,346.33058524131775,-0.08317622,0.1680605411529541,0.11981171,992.3333333333334
