EpThisIter,loss_pol_surr,ev_tdlam_before,loss_pol_entpen,EpLenMean,TimeElapsed,EpRewMean,loss_kl,loss_ent,loss_vf_loss,EpisodesSoFar,TimestepsSoFar
9,0.008059718,0.00015419721603393555,-0.00044324415,1383.3333333333333,699.2087504863739,0.6666666666666666,0.030130226,4.4324417,1.4881816,9,16384
15,-0.0011517071,1.2695789337158203e-05,-0.00044563942,1331.375,23927.873319625854,0.3333333333333333,0.023129487,4.456394,0.023975166,24,32768
10,-0.0009397214,0.002009272575378418,-0.00044251818,1337.8823529411766,47921.54321527481,0.23529411764705882,0.01948062,4.425182,0.003351063,34,49152
12,-0.0050318725,0.00031751394271850586,-0.00044310323,1355.7826086956522,71388.94554305077,0.2391304347826087,0.014422279,4.431032,0.0060069477,46,65536
13,-0.004897042,-0.014957189559936523,-0.00044290896,1351.542372881356,72081.34070420265,0.23728813559322035,0.007644069,4.4290895,0.0057357457,59,81920
