loss_vf_loss,TimestepsSoFar,TimeElapsed,loss_pol_surr,EpThisIter,ev_tdlam_before,loss_ent,EpisodesSoFar,loss_pol_entpen,loss_kl,EpLenMean,EpRewMean
0.07760345,4096,273.70194816589355,0.07665686,0,-0.4528532028198242,4.125635,0,-0.4125635,0.30758625,,
0.045275718,8192,536.9157881736755,0.0053428262,6,0.0002434253692626953,4.013106,6,-0.4013106,0.048271254,1075.5,0.5
0.041846845,12288,1641.5081493854523,-0.002177047,2,0.00020819902420043945,4.0287666,8,-0.40287662,0.030490696,1084.875,1.125
0.02973521,16384,1921.4870669841766,-0.0020177248,4,2.473592758178711e-05,4.074094,12,-0.40740937,0.014664568,1102.6666666666667,1.0
0.042379927,20480,2202.8549315929413,-0.0025909338,4,-2.1219253540039062e-05,4.1501837,16,-0.41501835,0.013568334,1109.4375,0.9375
0.038026825,24576,2483.860045671463,-0.0052355435,4,-1.990795135498047e-05,4.234663,20,-0.42346632,0.019799935,1131.3,0.75
0.03802352,28672,2767.22251868248,-0.004143874,4,-6.198883056640625e-06,4.2824593,24,-0.4282459,0.0240167,1158.0,0.625
0.030215017,32768,3047.956036090851,-0.0069924304,1,-1.4662742614746094e-05,4.3176117,25,-0.4317612,0.017657796,1167.24,0.6
