loss_pol_entpen,ev_tdlam_before,loss_pol_surr,loss_kl,EpLenMean,TimeElapsed,EpThisIter,EpRewMean,loss_ent,EpisodesSoFar,TimestepsSoFar,loss_vf_loss
-0.0004323065,0.2870616316795349,0.04388853,0.09891617,1792.5,488.1885619163513,2,0.0,4.323065,2,4096,0.025837023
-0.00043526027,0.2952190041542053,-0.013127774,0.010680157,1954.5,1317.7063388824463,2,0.0,4.352603,4,8192,0.004134709
-0.00043478212,0.3148949146270752,-0.013442954,0.00806147,1986.4,2082.4690432548523,1,0.0,4.347821,5,12288,0.00016937789
-0.00043298915,0.328285276889801,-0.013791543,0.009109896,2129.5714285714284,2819.0894804000854,2,0.0,4.3298917,7,16384,9.521755e-05
-0.00042976634,0.1934531331062317,-0.012592486,0.008991735,2173.5555555555557,3303.2639887332916,2,0.0,4.2976637,9,20480,0.0003065102
-0.00042875417,0.24547094106674194,-0.012876825,0.014085675,2230.5454545454545,4140.800174713135,2,0.0,4.2875414,11,24576,4.656129e-05
