loss_pol_surr,EpLenMean,loss_pol_entpen,ev_tdlam_before,EpThisIter,loss_kl,EpRewMean,TimestepsSoFar,loss_vf_loss,loss_ent,EpisodesSoFar,TimeElapsed
3.393733,0.19303030303030305,2562,0.050177652,11,425.4122724533081,11,227.0909090909091,0.2540814,-0.0003393733,0.0034661293029785156,0.014287063,,,,,,,,,,,,
-0.008548101,244.7,-0.00035564587,0.0019352436065673828,10,0.07229181,-0.3086666666666667,2562,0.24595618,3.556459,10,434.56756258010864
-0.020824235,256.4736842105263,-0.00035426876,0.0009317994117736816,9,0.014684547,-0.3979532163742691,5124,0.12074856,3.5426877,19,1483.255399465561
-0.020177078,254.0,-0.00034474768,0.0031960010528564453,11,0.015272187,-0.06877777777777777,7686,0.14878915,3.4474769,30,1843.9592988491058
-0.014040528,251.975,-0.00033693307,0.0023935437202453613,10,0.016198069,0.19541666666666663,10248,0.20294917,3.369331,40,2752.96569275856
-0.012359332,230.8181818181818,-0.00034472434,0.0026336312294006348,15,0.0142035,-0.44026262626262624,12810,0.33787227,3.4472432,55,3098.145180940628
