loss_pol_surr,loss_pol_entpen,loss_vf_loss,EpThisIter,loss_ent,ev_tdlam_before,TimeElapsed,TimestepsSoFar,EpisodesSoFar,loss_kl,EpLenMean,EpRewMean
0.054682467,-0.2221542,0.06390964,0,4.4430842,0.31243979930877686,232.25440573692322,6144,0,0.08599243,,
0.018640833,-0.21740527,0.09276948,6,4.348106,-0.006665706634521484,463.2567126750946,12288,6,0.060064483,1470.1666666666667,0.8333333333333334
0.0040523754,-0.2127909,0.013989276,6,4.255818,-0.00410771369934082,696.1476173400879,18432,12,0.02295222,1423.9166666666667,0.4166666666666667
-0.0028214778,-0.21179743,0.0039213677,0,4.2359486,0.10876840353012085,927.467607498169,24576,12,0.0021659753,1423.9166666666667,0.4166666666666667
-0.0057139453,-0.21224527,0.0015591244,6,4.244905,-0.03643620014190674,1158.2454106807709,30720,18,0.0035660316,1445.111111111111,0.2777777777777778
-0.004575157,-0.21348377,0.040663008,6,4.2696757,0.05565434694290161,1388.1966617107391,36864,24,0.006697116,1434.5,0.4166666666666667
-0.0027566554,-0.21488066,0.00011468471,3,4.297613,-0.8620266914367676,1620.6605079174042,43008,27,0.0057349564,1429.4444444444443,0.37037037037037035
-0.00293478,-0.2162724,0.00024733326,3,4.3254485,0.1303415298461914,1850.9067966938019,49152,30,0.0047488296,1428.6666666666667,0.3333333333333333
-0.0065532657,-0.21799612,7.728632e-05,6,4.359922,0.20806676149368286,2082.0487077236176,55296,36,0.006854527,1422.0833333333333,0.2777777777777778
